600015,hxyh,65.08
000002,万科A,43.89
000004,国农科技,62.62
000005,世纪星源,68.76
000006,深振业A,65.75
000007,全新好,58.77
000008,神州高铁,44.35
000009,中国宝安,48.64
000010,*ST美丽,66.81
000011,深物业A,73.65
000012,南玻A,48.33
000014,沙河股份,63.73
000016,深康佳A,56.91
000017,*ST中华A,67.06
000019,深粮控股,70.54
000020,深华发A,71.61
000021,深科技,53.72
000023,深天地A,61.55
000025,特力A,68.08
000026,飞亚达,58.45
000027,深圳能源,60.10
000028,国药一致,53.70
000029,深深房A,29.83
000030,富奥股份,65.53
000031,大悦城,75.73
000032,深桑达A,71.72
000034,神州数码,47.21
000035,中国天楹,53.48
000036,华联控股,66.59
000037,深南电A,60.97
000038,深大通,56.49
000039,中集集团,71.45
000040,东旭蓝天,61.80
000042,中洲控股,59.24
000045,深纺织A,75.41
000046,泛海控股,62.98
000048,京基智农,61.88
000049,德赛电池,60.42
000050,深天马A,59.13
000055,方大集团,55.98
000056,皇庭国际,76.26
000058,深赛格,62.15
000059,华锦股份,71.46
000060,中金岭南,64.13
000061,农产品,61.31
000062,深圳华强,60.72
000063,中兴通讯,63.38
000065,北方国际,77.87
000066,中国长城,44.78
000068,华控赛格,64.43
000069,华侨城A,67.80
000070,特发信息,74.01
000078,海王生物,67.68
000088,盐田港,67.50
000089,深圳机场,66.31
000090,天健集团,62.46
000096,广聚能源,62.14
000099,中信海直,68.76
000100,TCL科技,49.42
000150,宜华健康,59.79
000151,中成股份,58.88
000153,丰原药业,56.66
000155,川能动力,54.82
000156,华数传媒,53.88
000157,中联重科,66.96
000158,常山北明,51.76
000159,国际实业,55.72
000166,申万宏源,64.62
000301,东方盛虹,70.24
000333,美的集团,66.25
000338,潍柴动力,51.47
000400,许继电气,55.91
000401,冀东水泥,55.07
000402,金融街,69.82
000403,双林生物,53.40
000404,长虹华意,74.34
000407,胜利股份,65.49
000408,*ST藏格,54.30
000409,ST地矿,64.39
000410,*ST沈机,59.32
000411,英特集团,80.60
000413,东旭光电,44.20
000415,渤海租赁,53.84
000416,民生控股,64.48
000417,合肥百货,57.42
000419,通程控股,70.64
000420,吉林化纤,50.18
000421,南京公用,60.58
000422,ST宜化,72.90
000423,东阿阿胶,53.19
000425,徐工机械,48.05
000426,兴业矿业,60.95
000428,华天酒店,53.08
000429,粤高速A,48.53
000430,张家界,77.39
000488,晨鸣纸业,74.10
000498,山东路桥,70.47
000501,鄂武商A,43.64
000502,绿景控股,65.92
000503,国新健康,58.99
000504,ST生物,60.90
000505,京粮控股,59.55
000506,中润资源,63.36
000507,珠海港,61.61
000509,*ST华塑,58.27
000510,新金路,63.92
000513,丽珠集团,67.60
000514,渝开发,64.73
000516,国际医学,54.25
000517,荣安地产,62.93
000518,四环生物,53.02
000519,中兵红箭,63.55
000520,长航凤凰,52.80
000521,长虹美菱,66.76
000523,广州浪奇,53.63
000524,岭南控股,74.90
000525,红太阳,55.51
000526,紫光学大,62.23
000528,柳工,63.90
000529,广弘控股,70.62
000530,冰山冷热,65.18
000531,穗恒运A,78.46
000532,华金资本,57.66
000533,顺钠股份,66.36
000534,万泽股份,59.07
000536,*ST华映,59.72
000537,广宇发展,53.69
000538,云南白药,46.67
000539,粤电力A,48.17
000540,中天金融,66.87
000541,佛山照明,63.36
000543,皖能电力,57.60
000544,中原环保,68.38
000545,金浦钛业,70.06
000546,金圆股份,49.97
000547,航天发展,58.82
000548,湖南投资,76.64
000550,江铃汽车,52.26
000551,创元科技,53.97
000552,靖远煤电,65.75
000553,安道麦A,59.74
000554,泰山石油,68.67
000555,神州信息,56.73
000557,西部创业,61.02
000558,莱茵体育,55.13
000559,万向钱潮,59.52
000560,我爱我家,55.16
000561,烽火电子,58.20
000563,陕国投A,57.93
000564,供销大集,66.47
000565,渝三峡A,81.32
000566,海南海药,59.37
000567,海德股份,73.13
000568,泸州老窖,52.17
000570,苏常柴A,63.51
000571,*ST大洲,61.98
000572,*ST海马,63.46
000573,粤宏远A,65.95
000576,广东甘化,58.99
000581,威孚高科,54.58
000582,北部湾港,71.82
000584,哈工智能,68.76
000585,*ST东电,66.89
000586,汇源通信,76.07
000587,*ST金洲,51.04
000589,贵州轮胎,64.25
000590,启迪古汉,64.84
000591,太阳能,52.46
000592,平潭发展,51.72
000593,大通燃气,66.62
000595,*ST宝实,61.46
000596,古井贡酒,59.46
000597,东北制药,60.72
000598,兴蓉环境,69.79
000599,青岛双星,67.07
000600,建投能源,56.68
000601,韶能股份,55.69
000603,盛达资源,59.90
000605,渤海股份,81.68
000606,顺利办,55.69
000607,华媒控股,63.98
000608,阳光股份,60.48
000609,中迪投资,53.28
000610,西安旅游,59.82
000611,*ST天首,73.27
000612,焦作万方,60.69
000613,大东海A,47.53
000615,京汉股份,51.82
000616,海航投资,58.41
000617,中油资本,75.95
000619,海螺型材,69.06
000620,新华联,55.33
000622,恒立实业,55.74
000623,吉林敖东,52.57
000625,长安汽车,72.39
000626,远大控股,75.16
000627,天茂集团,61.77
000628,高新发展,75.75
000629,攀钢钒钛,60.89
000630,铜陵有色,57.68
000631,顺发恒业,72.54
000632,三木集团,63.90
000633,合金投资,69.47
000635,英力特,62.48
000636,风华高科,58.45
000637,茂化实华,64.17
000638,万方发展,67.06
000639,西王食品,55.91
000650,仁和药业,62.62
000651,格力电器,59.15
000652,泰达股份,66.91
000655,金岭矿业,56.02
000656,金科股份,60.88
000657,中钨高新,70.05
000659,珠海中富,54.53
000661,长春高新,55.44
000662,天夏智慧,52.54
000663,*ST永林,65.36
000665,湖北广电,66.27
000666,经纬纺机,57.52
000667,美好置业,55.87
000668,荣丰控股,63.97
000669,*ST金鸿,59.83
000671,阳光城,50.73
000672,上峰水泥,60.49
000673,*ST当代,58.00
000676,智度股份,70.20
000677,恒天海龙,55.29
000678,襄阳轴承,64.74
000679,*ST友谊,71.23
000680,山推股份,56.30
000681,视觉中国,53.49
000682,东方电子,62.81
000683,远兴能源,65.80
000685,中山公用,65.72
000686,东北证券,63.27
000687,*ST华讯,58.05
000688,国城矿业,62.32
000690,宝新能源,71.80
000691,亚太实业,65.84
000692,惠天热电,64.06
000695,滨海能源,67.52
000697,炼石航空,57.50
000698,沈阳化工,61.97
000700,模塑科技,70.48
000701,厦门信达,65.58
000702,正虹科技,67.09
000703,恒逸石化,57.34
000705,浙江震元,58.62
000707,ST双环,55.06
000708,中信特钢,63.68
000709,河钢股份,59.54
000710,贝瑞基因,60.02
000711,京蓝科技,48.72
000712,锦龙股份,51.29
000713,丰乐种业,54.23
000715,中兴商业,77.72
000716,黑芝麻,60.90
000717,韶钢松山,48.48
000718,苏宁环球,70.41
000719,中原传媒,60.56
000720,新能泰山,51.85
000721,西安饮食,58.77
000722,湖南发展,82.62
000723,美锦能源,57.22
000725,京东方A,43.52
000726,鲁泰A,69.97
000727,*ST东科,47.15
000728,国元证券,63.75
000729,燕京啤酒,58.99
000731,四川美丰,49.59
000732,泰禾集团,68.17
000733,振华科技,61.38
000735,罗牛山,49.42
000736,中交地产,75.02
000737,ST南风,67.24
000738,航发控制,51.27
000739,普洛药业,47.90
000750,国海证券,56.40
000751,锌业股份,72.83
000752,*ST西发,60.84
000753,漳州发展,78.68
000755,山西路桥,71.59
000756,新华制药,55.64
000757,浩物股份,64.26
000758,中色股份,60.35
000759,中百集团,62.21
000760,*ST斯太,61.83
000761,本钢板材,60.47
000762,西藏矿业,72.14
000766,通化金马,50.35
000767,漳泽电力,47.20
000768,中航飞机,55.69
000776,广发证券,61.11
000777,中核科技,74.64
000778,新兴铸管,62.89
000779,甘咨询,72.96
000780,*ST平能,58.31
000782,美达股份,55.67
000783,长江证券,62.55
000785,居然之家,65.38
000786,北新建材,45.92
000788,北大医药,53.73
000789,万年青,61.50
000790,华神科技,65.49
000791,甘肃电投,48.77
000792,*ST盐湖,58.21
000793,华闻集团,57.63
000795,英洛华,59.47
000796,凯撒旅业,45.73
000797,中国武夷,59.25
000798,中水渔业,67.81
000799,酒鬼酒,46.29
000800,一汽解放,45.02
000801,四川九洲,56.52
000802,北京文化,44.47
000803,*ST金宇,68.44
000806,*ST银河,70.05
000807,云铝股份,57.97
000809,铁岭新城,49.28
000810,创维数字,63.83
000811,冰轮环境,76.59
000812,陕西金叶,64.97
000813,德展健康,51.52
000815,美利云,51.32
000816,ST慧业,55.91
000818,航锦科技,49.84
000819,岳阳兴长,77.82
000820,*ST节能,47.41
000821,京山轻机,68.07
000822,山东海化,68.32
000823,超声电子,58.18
000825,太钢不锈,44.12
000826,启迪环境,58.93
000828,东莞控股,70.84
000829,天音控股,61.03
000830,鲁西化工,68.42
000831,五矿稀土,60.36
000833,粤桂股份,73.24
000835,长城动漫,52.05
000836,富通鑫茂,48.49
000837,*ST秦机,63.07
000838,财信发展,71.56
000839,中信国安,51.74
000848,承德露露,66.85
000850,华茂股份,65.74
000851,高鸿股份,70.31
000852,石化机械,71.71
000856,冀东装备,64.61
000858,五粮液,53.23
000859,国风塑业,56.55
000860,顺鑫农业,39.85
000861,海印股份,58.27
000862,银星能源,56.49
000863,三湘印象,51.08
000868,*ST安凯,70.93
000869,张裕A,56.87
000875,吉电股份,52.31
000876,新希望,48.80
000877,天山股份,64.83
000878,云南铜业,54.12
000880,潍柴重机,77.92
000881,中广核技,76.51
000882,华联股份,63.03
000883,湖北能源,52.48
000885,城发环境,65.56
000886,海南高速,48.79
000887,中鼎股份,64.81
000888,峨眉山A,72.98
000889,中嘉博创,57.67
000890,*ST胜尔,75.54
000892,欢瑞世纪,58.59
000893,东凌国际,54.68
000895,双汇发展,49.09
000897,津滨发展,57.41
000898,鞍钢股份,62.45
000899,赣能股份,72.73
000900,现代投资,73.89
000901,航天科技,64.49
000902,新洋丰,60.38
000903,云内动力,42.32
000905,厦门港务,66.37
000906,浙商中拓,75.39
000908,景峰医药,64.80
000909,数源科技,57.93
000910,大亚圣象,57.65
000911,ST南糖,66.23
000912,泸天化,68.73
000913,钱江摩托,53.63
000915,山大华特,53.36
000917,电广传媒,70.74
000918,嘉凯城,62.77
000919,金陵药业,49.82
000920,南方汇通,62.25
000921,海信家电,66.21
000922,佳电股份,74.81
000923,河钢资源,76.21
000925,众合科技,67.95
000926,福星股份,62.92
000927,*ST夏利,55.69
000928,中钢国际,65.86
000929,兰州黄河,58.76
000930,中粮科技,59.35
000931,中关村,52.49
000932,华菱钢铁,62.36
000933,神火股份,51.25
000935,四川双马,62.26
000936,华西股份,61.16
000937,冀中能源,67.84
000938,紫光股份,66.84
000948,南天信息,52.78
600015,hxyh,65.08
000002,万科A,43.89
000004,国农科技,62.62
000005,世纪星源,68.76
000006,深振业A,65.75
000007,全新好,58.77
000008,神州高铁,44.35
000009,中国宝安,48.64
000010,*ST美丽,66.81
000011,深物业A,73.65
000012,南玻A,48.33
000014,沙河股份,63.73
000016,深康佳A,56.91
000017,*ST中华A,67.06
000019,深粮控股,70.54
000020,深华发A,71.61
000021,深科技,53.72
000023,深天地A,61.55
000025,特力A,68.08
000026,飞亚达,58.45
000027,深圳能源,60.10
000028,国药一致,53.70
000029,深深房A,29.83
000030,富奥股份,65.53
000031,大悦城,75.73
000032,深桑达A,71.72
000034,神州数码,47.21
000035,中国天楹,53.48
000036,华联控股,66.59
000037,深南电A,60.97
000038,深大通,56.49
000039,中集集团,71.45
000040,东旭蓝天,61.80
000042,中洲控股,59.24
000045,深纺织A,75.41
000046,泛海控股,62.98
000048,京基智农,61.88
000049,德赛电池,60.42
000050,深天马A,59.13
000055,方大集团,55.98
000056,皇庭国际,76.26
000058,深赛格,62.15
000059,华锦股份,71.46
000060,中金岭南,64.13
000061,农产品,61.31
000062,深圳华强,60.72
000063,中兴通讯,63.38
000065,北方国际,77.87
000066,中国长城,44.78
000068,华控赛格,64.43
000069,华侨城A,67.80
000070,特发信息,74.01
000078,海王生物,67.68
000088,盐田港,67.50
000089,深圳机场,66.31
000090,天健集团,62.46
000096,广聚能源,62.14
000099,中信海直,68.76
000100,TCL科技,49.42
000150,宜华健康,59.79
000151,中成股份,58.88
000153,丰原药业,56.66
000155,川能动力,54.82
000156,华数传媒,53.88
000157,中联重科,66.96
000158,常山北明,51.76
000159,国际实业,55.72
000166,申万宏源,64.62
000301,东方盛虹,70.24
000333,美的集团,66.25
000338,潍柴动力,51.47
000400,许继电气,55.91
000401,冀东水泥,55.07
000402,金融街,69.82
000403,双林生物,53.40
000404,长虹华意,74.34
000407,胜利股份,65.49
000408,*ST藏格,54.30
000409,ST地矿,64.39
000410,*ST沈机,59.32
000411,英特集团,80.60
000413,东旭光电,44.20
000415,渤海租赁,53.84
000416,民生控股,64.48
000417,合肥百货,57.42
000419,通程控股,70.64
000420,吉林化纤,50.18
000421,南京公用,60.58
000422,ST宜化,72.90
000423,东阿阿胶,53.19
000425,徐工机械,48.05
000426,兴业矿业,60.95
000428,华天酒店,53.08
000429,粤高速A,48.53
000430,张家界,77.39
000488,晨鸣纸业,74.10
000498,山东路桥,70.47
000501,鄂武商A,43.64
000502,绿景控股,65.92
000503,国新健康,58.99
000504,ST生物,60.90
000505,京粮控股,59.55
000506,中润资源,63.36
000507,珠海港,61.61
000509,*ST华塑,58.27
000510,新金路,63.92
000513,丽珠集团,67.60
000514,渝开发,64.73
000516,国际医学,54.25
000517,荣安地产,62.93
000518,四环生物,53.02
000519,中兵红箭,63.55
000520,长航凤凰,52.80
000521,长虹美菱,66.76
000523,广州浪奇,53.63
000524,岭南控股,74.90
000525,红太阳,55.51
000526,紫光学大,62.23
000528,柳工,63.90
000529,广弘控股,70.62
000530,冰山冷热,65.18
000531,穗恒运A,78.46
000532,华金资本,57.66
000533,顺钠股份,66.36
000534,万泽股份,59.07
000536,*ST华映,59.72
000537,广宇发展,53.69
000538,云南白药,46.67
000539,粤电力A,48.17
000540,中天金融,66.87
000541,佛山照明,63.36
000543,皖能电力,57.60
000544,中原环保,68.38
000545,金浦钛业,70.06
000546,金圆股份,49.97
000547,航天发展,58.82
000548,湖南投资,76.64
000550,江铃汽车,52.26
000551,创元科技,53.97
000552,靖远煤电,65.75
000553,安道麦A,59.74
000554,泰山石油,68.67
000555,神州信息,56.73
000557,西部创业,61.02
000558,莱茵体育,55.13
000559,万向钱潮,59.52
000560,我爱我家,55.16
000561,烽火电子,58.20
000563,陕国投A,57.93
000564,供销大集,66.47
000565,渝三峡A,81.32
000566,海南海药,59.37
000567,海德股份,73.13
000568,泸州老窖,52.17
000570,苏常柴A,63.51
000571,*ST大洲,61.98
000572,*ST海马,63.46
000573,粤宏远A,65.95
000576,广东甘化,58.99
000581,威孚高科,54.58
000582,北部湾港,71.82
000584,哈工智能,68.76
000585,*ST东电,66.89
000586,汇源通信,76.07
000587,*ST金洲,51.04
000589,贵州轮胎,64.25
000590,启迪古汉,64.84
000591,太阳能,52.46
000592,平潭发展,51.72
000593,大通燃气,66.62
000595,*ST宝实,61.46
000596,古井贡酒,59.46
000597,东北制药,60.72
000598,兴蓉环境,69.79
000599,青岛双星,67.07
000600,建投能源,56.68
000601,韶能股份,55.69
000603,盛达资源,59.90
000605,渤海股份,81.68
000606,顺利办,55.69
000607,华媒控股,63.98
000608,阳光股份,60.48
000609,中迪投资,53.28
000610,西安旅游,59.82
000611,*ST天首,73.27
000612,焦作万方,60.69
000613,大东海A,47.53
000615,京汉股份,51.82
000616,海航投资,58.41
000617,中油资本,75.95
000619,海螺型材,69.06
000620,新华联,55.33
000622,恒立实业,55.74
000623,吉林敖东,52.57
000625,长安汽车,72.39
000626,远大控股,75.16
000627,天茂集团,61.77
000628,高新发展,75.75
000629,攀钢钒钛,60.89
000630,铜陵有色,57.68
000631,顺发恒业,72.54
000632,三木集团,63.90
000633,合金投资,69.47
000635,英力特,62.48
000636,风华高科,58.45
000637,茂化实华,64.17
000638,万方发展,67.06
000639,西王食品,55.91
000650,仁和药业,62.62
000651,格力电器,59.15
000652,泰达股份,66.91
000655,金岭矿业,56.02
000656,金科股份,60.88
000657,中钨高新,70.05
000659,珠海中富,54.53
000661,长春高新,55.44
000662,天夏智慧,52.54
000663,*ST永林,65.36
000665,湖北广电,66.27
000666,经纬纺机,57.52
000667,美好置业,55.87
000668,荣丰控股,63.97
000669,*ST金鸿,59.83
000671,阳光城,50.73
000672,上峰水泥,60.49
000673,*ST当代,58.00
000676,智度股份,70.20
000677,恒天海龙,55.29
000678,襄阳轴承,64.74
000679,*ST友谊,71.23
000680,山推股份,56.30
000681,视觉中国,53.49
000682,东方电子,62.81
000683,远兴能源,65.80
000685,中山公用,65.72
000686,东北证券,63.27
000687,*ST华讯,58.05
000688,国城矿业,62.32
000690,宝新能源,71.80
000691,亚太实业,65.84
000692,惠天热电,64.06
000695,滨海能源,67.52
000697,炼石航空,57.50
000698,沈阳化工,61.97
000700,模塑科技,70.48
000701,厦门信达,65.58
000702,正虹科技,67.09
000703,恒逸石化,57.34
000705,浙江震元,58.62
000707,ST双环,55.06
000708,中信特钢,63.68
000709,河钢股份,59.54
000710,贝瑞基因,60.02
000711,京蓝科技,48.72
000712,锦龙股份,51.29
000713,丰乐种业,54.23
000715,中兴商业,77.72
000716,黑芝麻,60.90
000717,韶钢松山,48.48
000718,苏宁环球,70.41
000719,中原传媒,60.56
000720,新能泰山,51.85
000721,西安饮食,58.77
000722,湖南发展,82.62
000723,美锦能源,57.22
000725,京东方A,43.52
000726,鲁泰A,69.97
000727,*ST东科,47.15
000728,国元证券,63.75
000729,燕京啤酒,58.99
000731,四川美丰,49.59
000732,泰禾集团,68.17
000733,振华科技,61.38
000735,罗牛山,49.42
000736,中交地产,75.02
000737,ST南风,67.24
000738,航发控制,51.27
000739,普洛药业,47.90
000750,国海证券,56.40
000751,锌业股份,72.83
000752,*ST西发,60.84
000753,漳州发展,78.68
000755,山西路桥,71.59
000756,新华制药,55.64
000757,浩物股份,64.26
000758,中色股份,60.35
000759,中百集团,62.21
000760,*ST斯太,61.83
000761,本钢板材,60.47
000762,西藏矿业,72.14
000766,通化金马,50.35
000767,漳泽电力,47.20
000768,中航飞机,55.69
000776,广发证券,61.11
000777,中核科技,74.64
000778,新兴铸管,62.89
000779,甘咨询,72.96
000780,*ST平能,58.31
000782,美达股份,55.67
000783,长江证券,62.55
000785,居然之家,65.38
000786,北新建材,45.92
000788,北大医药,53.73
000789,万年青,61.50
000790,华神科技,65.49
000791,甘肃电投,48.77
000792,*ST盐湖,58.21
000793,华闻集团,57.63
000795,英洛华,59.47
000796,凯撒旅业,45.73
000797,中国武夷,59.25
000798,中水渔业,67.81
000799,酒鬼酒,46.29
000800,一汽解放,45.02
000801,四川九洲,56.52
000802,北京文化,44.47
000803,*ST金宇,68.44
000806,*ST银河,70.05
000807,云铝股份,57.97
000809,铁岭新城,49.28
000810,创维数字,63.83
000811,冰轮环境,76.59
000812,陕西金叶,64.97
000813,德展健康,51.52
000815,美利云,51.32
000816,ST慧业,55.91
000818,航锦科技,49.84
000819,岳阳兴长,77.82
000820,*ST节能,47.41
000821,京山轻机,68.07
000822,山东海化,68.32
000823,超声电子,58.18
000825,太钢不锈,44.12
000826,启迪环境,58.93
000828,东莞控股,70.84
000829,天音控股,61.03
000830,鲁西化工,68.42
000831,五矿稀土,60.36
000833,粤桂股份,73.24
000835,长城动漫,52.05
000836,富通鑫茂,48.49
000837,*ST秦机,63.07
000838,财信发展,71.56
000839,中信国安,51.74
000848,承德露露,66.85
000850,华茂股份,65.74
000851,高鸿股份,70.31
000852,石化机械,71.71
000856,冀东装备,64.61
000858,五粮液,53.23
000859,国风塑业,56.55
000860,顺鑫农业,39.85
000861,海印股份,58.27
000862,银星能源,56.49
000863,三湘印象,51.08
000868,*ST安凯,70.93
000869,张裕A,56.87
000875,吉电股份,52.31
000876,新希望,48.80
000877,天山股份,64.83
000878,云南铜业,54.12
000880,潍柴重机,77.92
000881,中广核技,76.51
000882,华联股份,63.03
000883,湖北能源,52.48
000885,城发环境,65.56
000886,海南高速,48.79
000887,中鼎股份,64.81
000888,峨眉山A,72.98
000889,中嘉博创,57.67
000890,*ST胜尔,75.54
000892,欢瑞世纪,58.59
000893,东凌国际,54.68
000895,双汇发展,49.09
000897,津滨发展,57.41
000898,鞍钢股份,62.45
000899,赣能股份,72.73
000900,现代投资,73.89
000901,航天科技,64.49
000902,新洋丰,60.38
000903,云内动力,42.32
000905,厦门港务,66.37
000906,浙商中拓,75.39
000908,景峰医药,64.80
000909,数源科技,57.93
000910,大亚圣象,57.65
000911,ST南糖,66.23
000912,泸天化,68.73
000913,钱江摩托,53.63
000915,山大华特,53.36
000917,电广传媒,70.74
000918,嘉凯城,62.77
000919,金陵药业,49.82
000920,南方汇通,62.25
000921,海信家电,66.21
000922,佳电股份,74.81
000923,河钢资源,76.21
000925,众合科技,67.95
000926,福星股份,62.92
000927,*ST夏利,55.69
000928,中钢国际,65.86
000929,兰州黄河,58.76
000930,中粮科技,59.35
000931,中关村,52.49
000932,华菱钢铁,62.36
000933,神火股份,51.25
000935,四川双马,62.26
000936,华西股份,61.16
000937,冀中能源,67.84
000938,紫光股份,66.84
000948,南天信息,52.78
000949,新乡化纤,52.42
000950,重药控股,73.40
000951,中国重汽,53.11
000952,广济药业,57.76
000953,*ST河化,61.73
000955,欣龙控股,55.99
000957,中通客车,69.07
000958,东方能源,67.28
000959,首钢股份,53.88
000960,锡业股份,64.65
000961,中南建设,57.31
000962,东方钽业,71.76
000963,华东医药,48.54
000965,天保基建,68.40
000966,长源电力,59.44
000967,盈峰环境,67.92
000968,蓝焰控股,62.34
000969,安泰科技,74.28
000970,中科三环,50.52
000971,*ST高升,57.95
000972,ST中基,57.19
000973,佛塑科技,50.96
000975,银泰黄金,54.65
000976,华铁股份,50.39
000977,浪潮信息,54.39
000978,桂林旅游,74.13
000980,众泰汽车,52.34
000981,ST银亿,52.21
000982,*ST中绒,54.60
000983,西山煤电,73.66
000985,大庆华科,70.39
000987,越秀金控,52.50
000988,华工科技,61.49
000989,九芝堂,64.18
000990,诚志股份,65.24
000993,闽东电力,66.68
000996,中国中期,58.52
000997,新大陆,55.49
000998,隆平高科,53.75
000999,华润三九,57.65
001696,宗申动力,63.92
001872,招商港口,62.25
001896,豫能控股,54.58
001914,招商积余,67.53
001965,招商公路,61.71
001979,招商蛇口,62.49
002001,新和成,44.96
002002,鸿达兴业,62.50
002003,伟星股份,74.02
002004,华邦健康,54.73
002005,*ST德豪,57.95
002006,精功科技,55.07
002007,华兰生物,61.36
002008,大族激光,66.49
002009,天奇股份,58.49
002010,传化智联,45.85
002011,盾安环境,62.04
002012,凯恩股份,62.61
002013,中航机电,55.97
002014,永新股份,59.41
002015,协鑫能科,51.42
002016,世荣兆业,62.27
002017,东信和平,58.68
002019,亿帆医药,46.84
002020,京新药业,50.58
002021,ST中捷,60.31
002022,科华生物,47.90
002023,海特高新,60.13
002024,苏宁易购,54.58
002025,航天电器,55.05
002026,山东威达,53.76
002027,分众传媒,64.35
002028,思源电气,48.38
002029,七匹狼,73.73
002030,达安基因,67.87
002031,巨轮智能,63.58
002032,苏泊尔,44.60
002033,丽江股份,67.24
002034,旺能环境,67.48
002035,华帝股份,61.62
002036,联创电子,51.37
002037,保利联合,63.80
002038,双鹭药业,63.19
002039,黔源电力,62.97
002040,南京港,70.16
002041,登海种业,60.17
002042,华孚时尚,67.29
002043,兔宝宝,51.51
002044,美年健康,47.64
002045,国光电器,55.60
002046,轴研科技,63.80
002047,宝鹰股份,57.62
002048,宁波华翔,53.25
002049,紫光国微,54.04
002050,三花智控,56.39
002051,中工国际,64.21
002052,*ST同洲,68.03
002053,云南能投,70.74
002054,德美化工,66.39
002055,得润电子,64.64
002056,横店东磁,47.41
002057,中钢天源,62.66
002058,威尔泰,51.33
002059,云南旅游,59.47
002060,粤水电,59.83
002061,浙江交科,51.51
002062,宏润建设,60.75
002063,远光软件,63.89
002064,华峰氨纶,60.02
002065,东华软件,42.59
002066,瑞泰科技,69.06
002067,景兴纸业,58.88
002068,黑猫股份,59.64
002069,獐子岛,65.50
002071,长城影视,50.95
002072,ST凯瑞,59.56
002073,软控股份,70.80
002074,国轩高科,51.59
002075,沙钢股份,52.07
002076,*ST雪莱,69.73
002077,*ST大港,65.66
002078,太阳纸业,61.89
002079,苏州固锝,56.46
002080,中材科技,61.28
002081,金螳螂,70.93
002082,万邦德,55.25
002083,孚日股份,55.48
002084,海鸥住工,72.53
002085,万丰奥威,57.76
002086,ST东海洋,63.17
002087,新野纺织,66.47
002088,鲁阳节能,73.38
002089,*ST新海,58.93
002090,金智科技,63.81
002091,江苏国泰,56.85
002092,中泰化学,69.03
002093,国脉科技,48.12
002094,青岛金王,61.61
002095,生意宝,52.45
002096,南岭民爆,54.25
002097,山河智能,58.99
002098,浔兴股份,77.34
002099,海翔药业,47.21
002100,天康生物,54.75
002101,广东鸿图,70.09
002102,ST冠福,59.54
002103,广博股份,64.30
002104,恒宝股份,66.83
002105,信隆健康,69.30
002106,莱宝高科,53.53
002107,沃华医药,73.39
002108,沧州明珠,55.16
002109,兴化股份,66.58
002110,三钢闽光,60.52
002111,威海广泰,59.94
002112,三变科技,62.23
002113,*ST天润,53.86
002114,罗平锌电,70.10
002115,三维通信,68.56
002116,中国海诚,73.25
002117,东港股份,63.16
002118,紫鑫药业,69.45
002119,康强电子,67.91
002120,韵达股份,55.03
002121,*ST科陆,63.15
002122,*ST天马,65.36
002123,梦网集团,50.60
002124,天邦股份,59.70
002125,湘潭电化,67.00
002126,银轮股份,63.13
002127,南极电商,54.39
002128,露天煤业,71.78
002129,中环股份,63.68
002130,沃尔核材,66.17
002131,利欧股份,47.38
002132,恒星科技,74.14
002133,广宇集团,64.66
002134,天津普林,58.81
002135,东南网架,60.91
002136,安纳达,55.96
002137,麦达数字,58.22
002138,顺络电子,45.89
002139,拓邦股份,63.32
002140,东华科技,69.65
002141,贤丰控股,45.43
002142,宁波银行,52.53
002144,宏达高科,77.29
002145,中核钛白,62.05
002146,荣盛发展,65.86
002147,*ST新光,63.06
002148,北纬科技,68.76
002149,西部材料,72.81
002150,通润装备,55.64
002151,北斗星通,39.15
002152,广电运通,61.88
002153,石基信息,59.49
002154,报喜鸟,46.68
002155,湖南黄金,58.67
002156,通富微电,49.46
002157,正邦科技,57.49
002158,汉钟精机,67.08
002159,三特索道,69.61
002160,常铝股份,60.19
002161,远望谷,58.90
002162,悦心健康,72.67
002163,中航三鑫,65.68
002164,宁波东力,67.53
002165,红宝丽,64.69
002166,莱茵生物,61.98
002167,东方锆业,66.81
002168,惠程科技,62.02
002169,智光电气,51.65
002170,芭田股份,61.52
002171,楚江新材,56.54
002172,澳洋健康,50.97
002173,创新医疗,51.95
002174,游族网络,47.22
002175,*ST东网,59.15
002176,*ST江特,51.82
002177,御银股份,60.47
002178,延华智能,56.41
002179,中航光电,46.44
002180,纳思达,44.04
002181,粤传媒,56.78
002182,云海金属,67.94
002183,怡亚通,66.14
002184,海得控制,59.44
002185,华天科技,49.26
002186,全聚德,71.87
002187,广百股份,64.18
002188,ST巴士,55.35
002189,中光学,62.10
002190,成飞集成,59.80
002191,劲嘉股份,64.01
002192,*ST融捷,50.12
002193,如意集团,69.59
002194,武汉凡谷,48.81
002195,二三四五,49.27
002196,方正电机,56.34
002197,证通电子,69.28
002198,嘉应制药,60.40
002199,东晶电子,59.96
002200,ST云投,73.02
002201,九鼎新材,55.32
002202,金风科技,57.20
002203,海亮股份,63.03
002204,大连重工,56.23
002205,国统股份,50.45
002206,海利得,69.84
002207,ST准油,58.21
002208,合肥城建,65.46
002209,达意隆,61.47
002210,*ST飞马,68.24
002211,宏达新材,68.14
002212,南洋股份,53.56
002213,特尔佳,60.00
002214,大立科技,70.56
002215,诺普信,58.36
002216,三全食品,58.17
002217,合力泰,54.62
002218,拓日新能,65.48
002219,*ST恒康,57.44
002220,*ST天宝,43.43
002221,东华能源,52.64
002222,福晶科技,52.93
002223,鱼跃医疗,47.72
002224,三力士,64.15
002225,濮耐股份,67.53
002226,江南化工,66.88
002227,奥特迅,60.34
002228,合兴包装,69.17
002229,鸿博股份,65.85
002230,科大讯飞,52.43
002231,奥维通信,60.59
002232,启明信息,66.02
002233,塔牌集团,55.83
002234,民和股份,43.28
002235,安妮股份,45.60
002236,大华股份,55.04
002237,恒邦股份,60.10
002238,天威视讯,71.63
002239,奥特佳,43.03
002240,威华股份,71.27
002241,歌尔股份,53.94
002242,九阳股份,46.09
002243,通产丽星,71.34
002244,滨江集团,60.14
002245,澳洋顺昌,58.71
002246,北化股份,56.78
002247,*ST聚力,69.05
002248,华东数控,70.64
002249,大洋电机,64.99
002250,联化科技,63.98
002251,步步高,53.80
002252,上海莱士,53.01
002253,川大智胜,70.01
002254,泰和新材,66.32
002255,*ST海陆,65.71
002256,*ST兆新,54.72
002258,利尔化学,49.34
002259,*ST升达,57.38
002261,拓维信息,52.49
002262,恩华药业,48.04
002263,大东南,57.10
002264,新华都,68.97
002265,西仪股份,69.63
002266,浙富控股,71.89
002267,陕天然气,59.13
002268,卫士通,60.19
002269,美邦服饰,49.81
002270,华明装备,64.86
002271,东方雨虹,55.69
002272,川润股份,66.80
002273,水晶光电,57.35
002274,华昌化工,66.45
002275,桂林三金,59.66
002276,万马股份,45.91
002277,友阿股份,59.55
002278,神开股份,72.64
002279,久其软件,68.12
002280,联络互动,42.08
002281,光迅科技,52.93
002282,博深股份,63.50
002283,天润工业,56.25
002284,亚太股份,55.89
002285,世联行,58.35
002286,保龄宝,57.38
002287,奇正藏药,63.32
002288,超华科技,51.49
002289,ST宇顺,65.78
002290,*ST中科,64.07
002291,星期六,51.62
002292,奥飞娱乐,51.18
002293,罗莱生活,74.36
002294,信立泰,62.41
002295,精艺股份,74.47
002296,辉煌科技,62.32
002297,博云新材,68.30
002298,中电兴发,63.75
002299,圣农发展,58.59
002300,太阳电缆,63.18
002301,齐心集团,60.04
002302,西部建设,52.24
002303,美盈森,58.92
002304,洋河股份,58.60
002305,南国置业,50.40
002306,ST云网,72.32
002307,北新路桥,66.11
002308,威创股份,63.20
002309,中利集团,49.94
002310,东方园林,58.01
002311,海大集团,49.87
002312,三泰控股,52.42
002313,日海智能,64.80
002314,南山控股,58.98
002315,焦点科技,65.93
002316,亚联发展,51.64
002317,众生药业,49.04
002318,久立特材,65.01
002319,*ST乐通,57.52
002320,海峡股份,47.72
002321,华英农业,55.32
002322,理工环科,72.51
002323,*ST雅博,60.03
002324,普利特,64.96
002325,洪涛股份,65.58
002326,永太科技,52.09
002327,富安娜,61.90
002328,新朋股份,60.49
002329,皇氏集团,65.22
002330,得利斯,56.29
002331,皖通科技,69.01
002332,仙琚制药,45.45
002333,ST罗普,69.41
002334,英威腾,70.15
002335,科华恒盛,59.41
002336,ST人乐,67.41
002337,赛象科技,72.08
002338,奥普光电,49.50
002339,积成电子,65.27
002340,格林美,47.07
002341,新纶科技,53.67
002342,巨力索具,64.55
002343,慈文传媒,59.51
002344,海宁皮城,55.61
002345,潮宏基,74.32
002346,柘中股份,63.43
002347,泰尔股份,70.36
002348,高乐股份,59.83
002349,精华制药,67.21
002350,北京科锐,63.72
002351,漫步者,49.76
002352,顺丰控股,52.19
002353,杰瑞股份,57.36
002354,*ST天娱,56.84
002355,兴民智通,64.64
002356,*ST赫美,63.43
002357,富临运业,67.76
002358,森源电气,48.85
002359,*ST北讯,49.03
002360,同德化工,79.23
002361,神剑股份,66.17
002362,汉王科技,62.86
002363,隆基机械,61.61
002364,中恒电气,49.00
002365,永安药业,51.56
002366,台海核电,48.37
002367,康力电梯,64.96
002368,太极股份,50.85
002369,卓翼科技,59.72
002370,亚太药业,55.79
002371,北方华创,51.52
002372,伟星新材,72.24
002373,千方科技,57.88
002374,丽鹏股份,72.35
002375,亚厦股份,65.96
002376,新北洋,50.96
002377,国创高新,67.66
002378,章源钨业,68.66
002379,宏创控股,61.85
002380,科远智慧,75.88
002381,双箭股份,75.11
002382,蓝帆医疗,61.42
002383,合众思壮,65.49
002384,东山精密,61.54
002385,大北农,52.30
002386,天原集团,65.61
002387,维信诺,56.10
002388,新亚制程,73.28
002389,航天彩虹,45.99
002390,信邦制药,47.16
002391,长青股份,61.70
002392,北京利尔,53.68
002393,力生制药,56.31
002394,联发股份,76.76
002395,双象股份,51.89
002396,星网锐捷,49.44
002397,梦洁股份,50.76
002398,垒知集团,70.05
002399,海普瑞,57.87
002400,省广集团,47.61
002401,中远海科,68.25
002402,和而泰,67.06
002403,爱仕达,63.67
002404,嘉欣丝绸,54.05
002405,四维图新,44.23
002406,远东传动,46.16
002407,多氟多,52.73
002408,齐翔腾达,56.77
002409,雅克科技,46.93
002410,广联达,54.32
002411,延安必康,46.45
002412,汉森制药,53.90
002413,雷科防务,54.40
002414,高德红外,53.28
002415,海康威视,55.54
002416,爱施德,53.13
002417,深南股份,64.55
002418,*ST康盛,47.34
002419,天虹股份,73.00
002420,*ST毅昌,68.04
002421,达实智能,56.56
002422,科伦药业,60.99
002423,中粮资本,68.20
002424,贵州百灵,56.95
002425,凯撒文化,71.94
002426,*ST胜利,60.39
002427,*ST尤夫,71.27
002428,云南锗业,61.48
002429,兆驰股份,48.44
002430,杭氧股份,57.56
002431,棕榈股份,60.50
002432,九安医疗,59.07
002433,太安堂,62.63
002434,万里扬,71.45
002435,长江健康,60.94
002436,兴森科技,56.17
002437,誉衡药业,44.29
002438,江苏神通,65.30
002439,启明星辰,65.82
002440,闰土股份,50.43
002441,众业达,60.07
002442,龙星化工,57.58
002443,金洲管道,64.34
002444,巨星科技,50.45
002445,*ST中南,57.05
002446,盛路通信,67.16
002447,*ST晨鑫,65.09
002448,中原内配,53.09
002449,国星光电,46.91
002450,*ST康得,41.92
002451,摩恩电气,46.67
002452,长高集团,59.34
002453,华软科技,59.21
002454,松芝股份,61.12
002455,百川股份,62.37
002456,欧菲光,52.17
002457,青龙管业,69.11
002458,益生股份,49.02
002459,晶澳科技,72.78
002460,赣锋锂业,52.78
002461,珠江啤酒,52.89
002462,嘉事堂,62.00
002463,沪电股份,45.42
002464,众应互联,59.01
002465,海格通信,47.31
002466,天齐锂业,65.75
002467,二六三,72.65
002468,申通快递,59.25
002469,三维工程,58.33
002470,金正大,52.35
002471,中超控股,54.26
002472,双环传动,60.90
002473,圣莱达,67.08
002474,榕基软件,66.83
002475,立讯精密,46.74
002476,宝莫股份,52.26
002478,常宝股份,74.75
002479,富春环保,62.12
002480,新筑股份,60.91
002481,双塔食品,72.00
002482,广田集团,62.66
002483,润邦股份,71.58
002484,江海股份,55.30
002485,希努尔,69.81
002486,嘉麟杰,63.95
002487,大金重工,52.24
002488,金固股份,53.46
002489,浙江永强,48.96
002490,山东墨龙,52.17
002491,通鼎互联,52.32
002492,恒基达鑫,56.40
002493,荣盛石化,65.79
002494,华斯股份,52.86
002495,佳隆股份,60.98
002496,*ST辉丰,55.14
002497,雅化集团,59.66
002498,汉缆股份,67.85
002499,*ST科林,58.19
002500,山西证券,59.08
002501,*ST利源,63.71
002502,*ST鼎龙,53.38
002503,搜于特,60.95
002504,弘高创意,47.41
002505,大康农业,47.17
002506,协鑫集成,42.16
002507,涪陵榨菜,64.58
002508,老板电器,61.77
002509,天茂退,46.65
002510,天汽模,49.42
002511,中顺洁柔,50.38
002512,达华智能,58.02
002513,*ST蓝丰,73.89
002514,宝馨科技,55.67
002515,金字火腿,65.87
002516,旷达科技,64.60
002517,恺英网络,44.11
002518,科士达,53.43
002519,银河电子,59.33
002520,日发精机,59.79
002521,齐峰新材,77.68
002522,浙江众成,61.48
002523,天桥起重,49.31
002524,光正集团,52.85
002526,山东矿机,57.41
002527,新时达,70.14
002528,英飞拓,51.74
002529,*ST海源,58.58
002530,金财互联,65.55
002531,天顺风能,70.19
002532,新界泵业,49.26
002533,金杯电工,62.66
002534,杭锅股份,59.94
002535,*ST林重,63.17
002536,飞龙股份,61.83
002537,海联金汇,58.00
002538,司尔特,63.24
002539,云图控股,70.02
002540,亚太科技,69.00
002541,鸿路钢构,60.34
002542,中化岩土,69.07
002543,万和电气,63.41
002544,杰赛科技,58.08
002545,东方铁塔,57.14
002546,新联电子,61.94
002547,春兴精工,52.37
002548,金新农,64.60
002549,凯美特气,67.43
002550,千红制药,60.17
002551,尚荣医疗,65.60
002552,宝鼎科技,69.90
002553,南方轴承,66.24
002554,惠博普,66.97
002555,三七互娱,49.90
002556,辉隆股份,54.16
002557,洽洽食品,66.03
002558,巨人网络,55.71
002559,亚威股份,51.96
002560,通达股份,67.52
002561,徐家汇,75.43
002562,兄弟科技,70.38
002563,森马服饰,62.39
002564,天沃科技,68.77
002565,顺灏股份,49.26
002566,益盛药业,66.78
002567,唐人神,51.88
002568,百润股份,68.43
002569,ST步森,76.47
002570,贝因美,54.21
002571,德力股份,64.26
002572,索菲亚,55.14
002573,清新环境,69.41
002574,明牌珠宝,76.58
002575,ST群兴,51.39
002576,通达动力,77.86
002577,雷柏科技,56.83
002578,闽发铝业,53.87
002579,中京电子,44.52
002580,圣阳股份,66.33
002581,未名医药,51.48
002582,好想你,61.15
002583,海能达,50.89
002584,西陇科学,62.78
002585,双星新材,58.54
002586,*ST围海,66.72
002587,奥拓电子,56.49
002588,史丹利,48.85
002589,瑞康医药,55.06
002590,万安科技,64.36
002591,恒大高新,56.85
002592,八菱科技,50.46
002593,日上集团,55.04
002594,比亚迪,60.15
002595,豪迈科技,71.19
002596,海南瑞泽,46.53
002597,金禾实业,43.71
002598,山东章鼓,67.45
002599,盛通股份,49.26
002600,领益智造,66.14
002601,龙蟒佰利,49.38
002602,世纪华通,47.68
002603,以岭药业,56.49
002605,姚记科技,49.41
002606,大连电瓷,71.13
002607,中公教育,52.27
002608,江苏国信,61.35
002609,捷顺科技,71.25
002610,爱康科技,56.92
002611,东方精工,47.50
002612,朗姿股份,53.50
002613,北玻股份,51.09
002614,奥佳华,58.29
002615,哈尔斯,76.51
002616,长青集团,70.39
002617,露笑科技,66.96
002618,丹邦科技,61.26
002619,艾格拉斯,59.26
002620,瑞和股份,61.77
002621,美吉姆,52.27
002622,融钰集团,70.05
002623,亚玛顿,58.66
002624,完美世界,44.24
002625,光启技术,58.51
002626,金达威,50.38
002627,宜昌交运,66.16
002628,成都路桥,59.22
002629,*ST仁智,60.51
002630,华西能源,58.05
002631,德尔未来,56.95
002632,道明光学,64.92
002633,申科股份,74.88
002634,棒杰股份,58.17
002635,安洁科技,57.60
002636,金安国纪,63.93
002637,赞宇科技,46.00
002638,勤上股份,48.79
002639,雪人股份,60.52
002640,跨境通,65.10
002641,永高股份,65.01
002642,荣之联,61.72
002643,万润股份,52.95
002644,佛慈制药,58.71
002645,华宏科技,64.47
002646,青青稞酒,63.31
002647,仁东控股,50.01
002648,卫星石化,55.12
002649,博彦科技,66.00
002650,ST加加,44.57
002651,利君股份,73.18
002652,扬子新材,51.22
002653,海思科,48.87
002654,万润科技,49.60
002655,共达电声,51.01
002656,ST摩登,70.24
002657,中科金财,62.67
002658,雪迪龙,55.02
002659,凯文教育,60.77
002660,茂硕电源,62.68
002661,克明面业,64.05
002662,京威股份,64.98
002663,普邦股份,50.66
002664,长鹰信质,53.70
002665,首航高科,56.07
002666,德联集团,67.61
002667,鞍重股份,67.43
002668,奥马电器,62.58
002669,康达新材,79.42
002670,国盛金控,68.01
002671,龙泉股份,53.62
002672,东江环保,51.78
002673,西部证券,57.48
002674,兴业科技,54.36
002675,东诚药业,53.43
002676,顺威股份,51.77
002677,浙江美大,61.44
002678,珠江钢琴,53.06
002679,福建金森,43.35
002681,*ST奋达,55.46
002682,龙洲股份,68.87
002683,宏大爆破,55.75
002684,*ST猛狮,61.26
002685,华东重机,54.86
002686,亿利达,66.98
002687,乔治白,64.66
002688,金河生物,64.64
002689,远大智能,67.12
002690,美亚光电,57.12
002691,冀凯股份,58.11
002692,ST远程,72.87
002693,双成药业,68.41
002694,顾地科技,66.89
002695,煌上煌,60.21
002696,百洋股份,48.18
002697,红旗连锁,50.96
002698,博实股份,60.27
002699,美盛文化,67.62
002700,ST浩源,54.01
002701,奥瑞金,64.78
002702,海欣食品,60.81
002703,浙江世宝,67.94
002705,新宝股份,55.03
002706,良信电器,71.23
002707,众信旅游,60.84
002708,光洋股份,75.31
002709,天赐材料,54.98
002711,*ST欧浦,50.35
002712,思美传媒,67.09
002713,东易日盛,56.26
002714,牧原股份,46.98
002715,登云股份,58.72
002716,*ST金贵,51.16
002717,岭南股份,67.31
002718,友邦吊顶,51.96
002719,*ST麦趣,55.56
002721,金一文化,46.91
002722,金轮股份,66.14
002723,金莱特,67.38
002724,海洋王,68.98
002725,跃岭股份,65.29
002726,龙大肉食,54.28
002727,一心堂,53.24
002728,特一药业,58.78
002729,好利来,56.39
002730,电光科技,65.78
002731,萃华珠宝,53.63
002732,燕塘乳业,57.99
002733,雄韬股份,54.22
002734,利民股份,72.55
002735,王子新材,69.84
002736,国信证券,60.01
002737,葵花药业,53.72
002738,中矿资源,56.14
002739,万达电影,46.54
002740,爱迪尔,69.30
002741,光华科技,49.81
002742,三圣股份,72.52
002743,富煌钢构,65.01
002745,木林森,49.83
002746,仙坛股份,57.86
002747,埃斯顿,48.04
002748,世龙实业,78.11
002749,国光股份,54.04
002750,龙津药业,71.86
002751,易尚展示,62.29
002752,昇兴股份,54.64
002753,永东股份,71.17
002755,奥赛康,53.05
002756,永兴材料,55.77
002757,南兴股份,73.44
002758,华通医药,62.18
002759,天际股份,60.99
002760,凤形股份,76.30
002761,多喜爱,71.94
002762,金发拉比,58.18
002763,汇洁股份,74.15
002765,蓝黛传动,58.17
002766,*ST索菱,53.32
002767,先锋电子,63.41
002768,国恩股份,50.99
002769,普路通,62.83
002770,科迪乳业,63.11
002771,真视通,67.99
002772,众兴菌业,61.97
002773,康弘药业,48.13
002774,快意电梯,65.02
002775,文科园林,75.19
002776,柏堡龙,67.79
002777,久远银海,64.51
002778,高科石化,64.10
002779,中坚科技,58.09
002780,三夫户外,53.82
002781,奇信股份,59.78
002782,可立克,68.38
002783,凯龙股份,68.81
002785,万里石,74.45
002786,银宝山新,61.99
002787,华源控股,55.70
002788,鹭燕医药,52.91
002789,建艺集团,65.13
002790,瑞尔特,63.92
002791,坚朗五金,60.35
002792,通宇通讯,63.73
002793,罗欣药业,65.73
002795,永和智控,52.17
002796,世嘉科技,66.58
002797,第一创业,50.06
002798,帝欧家居,58.58
002799,环球印务,55.92
002800,天顺股份,70.56
002801,微光股份,69.89
002802,洪汇新材,68.67
002803,吉宏股份,57.42
002805,丰元股份,56.04
002806,华锋股份,71.61
002807,江阴银行,66.15
002808,恒久科技,53.39
002809,红墙股份,56.57
002810,山东赫达,64.18
002811,郑中设计,68.73
002812,恩捷股份,41.26
002813,路畅科技,63.80
002815,崇达技术,63.69
002816,和科达,63.78
002817,黄山胶囊,64.86
002818,富森美,70.04
002819,东方中科,66.36
002820,桂发祥,65.55
002821,凯莱英,53.74
002822,中装建设,59.08
002823,凯中精密,65.14
002824,和胜股份,74.08
002825,纳尔股份,66.97
002826,易明医药,63.86
002827,高争民爆,63.75
002828,贝肯能源,71.02
002829,星网宇达,48.83
002830,名雕股份,73.05
002831,裕同科技,68.27
002832,比音勒芬,60.93
002833,弘亚数控,70.19
002835,同为股份,74.64
002836,新宏泽,63.71
002837,英维克,77.29
002838,道恩股份,62.84
002839,张家港行,63.81
002840,华统股份,59.12
002841,视源股份,64.79
002842,翔鹭钨业,70.18
002843,泰嘉股份,56.77
002845,同兴达,56.91
002846,英联股份,60.37
002847,盐津铺子,54.44
002848,高斯贝尔,73.41
002849,威星智能,75.74
002850,科达利,55.62
002851,麦格米特,64.88
002852,道道全,58.85
002853,皮阿诺,67.95
002855,捷荣技术,58.54
002856,美芝股份,75.88
002857,三晖电气,60.04
002858,力盛赛车,73.56
002859,洁美科技,63.97
002860,星帅尔,67.57
002861,瀛通通讯,54.40
002862,实丰文化,53.55
002863,今飞凯达,69.45
002864,盘龙药业,60.32
002865,钧达股份,66.60
002866,传艺科技,65.70
002867,周大生,74.93
002868,绿康生化,70.86
002869,金溢科技,67.90
002870,香山股份,57.23
002871,伟隆股份,55.81
002872,*ST天圣,61.73
002873,新天药业,58.72
002875,安奈儿,58.68
002876,三利谱,54.38
002877,智能自控,59.44
002878,元隆雅图,66.93
002879,长缆科技,54.23
002880,卫光生物,55.81
002881,美格智能,75.92
002882,金龙羽,62.63
002883,中设股份,53.63
002884,凌霄泵业,66.93
002885,京泉华,65.44
002886,沃特股份,59.29
002887,绿茵生态,67.37
002888,惠威科技,49.82
002889,东方嘉盛,68.14
002890,弘宇股份,47.69
002891,中宠股份,60.79
002892,科力尔,58.95
002893,华通热力,73.21
002895,川恒股份,75.10
002896,中大力德,52.02
002897,意华股份,47.16
002898,赛隆药业,63.77
002899,英派斯,69.17
002900,哈三联,63.68
002901,大博医疗,54.46
002902,铭普光磁,75.23
002903,宇环数控,73.21
002905,金逸影视,56.92
002906,华阳集团,54.28
002907,华森制药,59.23
002908,德生科技,70.29
002909,集泰股份,74.43
002910,庄园牧场,70.04
002911,佛燃能源,61.77
002912,中新赛克,46.97
002913,奥士康,54.10
002915,中欣氟材,61.19
002916,深南电路,47.90
002917,金奥博,54.88
002918,蒙娜丽莎,61.06
002919,名臣健康,66.54
002920,德赛西威,57.13
002921,联诚精密,61.37
002922,伊戈尔,70.50
002923,润都股份,64.87
002925,盈趣科技,59.22
002926,华西证券,51.15
002927,泰永长征,62.08
002928,华夏航空,58.57
002929,润建股份,64.63
002930,宏川智慧,58.50
002931,锋龙股份,47.65
002932,明德生物,65.13
002933,新兴装备,59.75
002935,天奥电子,62.32
002936,郑州银行,70.36
002937,兴瑞科技,69.02
002938,鹏鼎控股,49.89
002939,长城证券,63.61
002940,昂利康,46.57
002941,新疆交建,56.07
002942,新农股份,58.78
002943,宇晶股份,68.16
002945,华林证券,69.04
002946,新乳业,55.27
002947,恒铭达,54.75
002948,青岛银行,63.32
002949,华阳国际,55.51
002950,奥美医疗,76.01
002951,金时科技,71.53
002952,亚世光电,61.57
002953,日丰股份,73.35
002955,鸿合科技,63.11
002956,西麦食品,69.31
002957,科瑞技术,65.56
002958,青农商行,57.28
002959,小熊电器,59.08
002960,青鸟消防,77.36
002961,瑞达期货,59.62
002962,五方光电,56.34
002963,豪尔赛,60.70
002965,祥鑫科技,68.71
002966,苏州银行,55.64
002967,广电计量,63.50
002968,新大正,70.65
002969,嘉美包装,67.66
002970,锐明技术,63.06
002971,和远气体,49.61
002972,科安达,64.47
002973,侨银环保,47.80
002975,博杰股份,31.45
002976,瑞玛工业,43.24
002977,天箭科技,32.28
002978,安宁股份,22.74
002979,雷赛智能,32.53
002980,华盛昌,34.40
002981,朝阳科技,29.56
002982,湘佳股份,32.91
002983,芯瑞达,36.57
002985,北摩高科,25.39
002986,宇新股份,14.15
002987,京北方,25.75
002988,豪美新材,21.43
002989,中天精装,36.03
002990,盛视科技,34.91
003816,中国广核,60.83
300001,特锐德,55.15
300002,神州泰岳,57.87
300003,乐普医疗,59.19
300004,南风股份,71.89
300005,探路者,57.96
300006,莱美药业,53.37
300007,汉威科技,60.95
300008,天海防务,66.59
300009,安科生物,47.53
300010,立思辰,54.11
300011,鼎汉技术,62.26
300012,华测检测,60.92
300013,新宁物流,59.15
300014,亿纬锂能,50.40
300015,爱尔眼科,50.67
300016,北陆药业,65.60
300017,网宿科技,60.22
300018,中元股份,68.84
